[
{
  "pk": 1,
  "fields": {
    "custom_css": null,
    "main_color": "FF9400",
    "title": "Django Girls Berlin",
    "is_live": false,
    "description": "Django Girls is a one-day workshop about programming in Python and Django tailored for women.",
    "url": "berlin1"
  },
  "model": "core.eventpage"
},
{
  "pk": 2,
  "fields": {
    "custom_css": null,
    "main_color": "FF9400",
    "title": "Django Girls Amsterdam",
    "is_live": false,
    "description": "Django Girls is a one-day workshop about programming in Python and Django tailored for women.",
    "url": "amsterdam"
  },
  "model": "core.eventpage"
},
{
  "pk": 1,
  "fields": {
    "position": 0,
    "page": 1,
    "is_public": true,
    "name": "about",
    "content": "<div style=\"text-align: center;\">\n\n\t<h1>Free programming workshop for women</h1>\n\t<h2>Build your first website at EuroPython 2014 in Berlin!</h2>\n\t<a class=\"btn\" href=\"#values\">Learn more \u00bb</a>\n\n</div>\n",
    "background": "event/backgrounds/about2.jpg"
  },
  "model": "core.eventpagecontent"
},
{
  "pk": 2,
  "fields": {
    "position": 1,
    "page": 1,
    "is_public": true,
    "name": "values",
    "content": "<div class=\"row\">\n\t<div class=\"col-md-6\">\n\t\t<h3>Django Girls</h3>\n\t\t<p>\n\t\t\tIf you are a female and you want to learn how to make websites, \n\t\t\twe have good news for you! We are holding a one-day workshop for beginners!\n\t    </p>\n\n\t\t<p>\n\t\t\tIt will take place on <strong>21st of July</strong> in <strong>Berlin</strong>,\n\t\t\ton the first day of a big IT conference: <a href=\"http://europython.eu/\">EuroPython</a>, \n\t\t\twhich gathers a lot of talented programmers from all over the world.\n\t\t</p>\n\n\t\t<p>\n\t\t\tWe believe that IT industry will greatly benefit from bringing more women\n\t\t\tinto technology. We want to give you an opportunity to learn how to program\n\t\t\tand become one of us - female programmers!\n\t\t</p>\n\n\t\t<p>\n\t\t\tWorkshops are free of charge and if you can\u2019t afford coming to Berlin,\n\t\t\tbut you are very motivated to learn and then share your knowledge with others,\n\t\t\twe have some funds to help you out with your travel costs and accommodation. \n\t\t\tDon\u2019t wait too long - you can apply for a pass only until <strong>30th of June</strong>!\n\t \t</p>      \n\t </div>      \n\n\t <div class=\"col-md-6\">\n\t \t<h3>Apply for a pass!</h3>\n\t \t<p>\n\t \t\tIf you are a woman, you know English and have a laptop - you can apply\n\t \t\tfor a pass! You don\u2019t need to know any technical stuff - workshops\n\t \t\tare for people who are new to programming.\n\t \t</p>\n\n\t \t<p>\n\t \t\tAs a workshop attendee you will:\n\t \t\t<ul>\n\t \t\t\t<li>attend one-day Django workshops during which you will create your first website</li>\n\t \t\t\t<li>get a free EuroPython ticket (which normally costs 400 \u20ac!), where you can meet people from the industry and learn more about programming</li>\n\t \t\t\t<li>be fed by us - during workshops and EuroPython food is provided</li>\n\t \t\t</ul>\n\t \t</p>\n\n\t \t<p>We have space only for 40 people, so make sure to fill the form very carefully!</p>\n\t </div>\n</div>",
    "background": ""
  },
  "model": "core.eventpagecontent"
},
{
  "pk": 3,
  "fields": {
    "position": 2,
    "page": 1,
    "is_public": true,
    "name": "apply",
    "content": "<div class=\"row\">\n\n\t<div class=\"col-md-7 col-md-offset-5\">\n\n\t\t<h2>Applications are now open!</h2>\n\n\t\t<p>\n\t\t\tApplication process closes on July 23rd and you\\'ll be informedabout acceptance or rejection by July 28th (or sooner)!\n\t\t</p>\n\n\t\t<a class=\"btn\" href=\"apply\">Register</a>\n\n\t</div>\n</div>",
    "background": "event/backgrounds/apply_XBcgJmu.jpg"
  },
  "model": "core.eventpagecontent"
},
{
  "pk": 4,
  "fields": {
    "position": 3,
    "page": 1,
    "is_public": true,
    "name": "faq",
    "content": "<div class=\"row\">\n\t<div class=\"col-md-4\">\n\t\t<p>\n\t\t\t<b>Do I need to know anything about websites or programming?</b>\n\t\t</p>\n\t\t<p>\n\t\t\tNo! Workshops are for beginners. You don\u2019t need to know anything about it. \n\t\t\tHowever, if you have a little bit of technical knowledge (i.e. you know what HTML or CSS are) you still can apply!\n\t\t</p>\n\t</div>\n\n\t<div class=\"col-md-4\">\n\t\t<p>\n\t\t\t<b>I am not living in Germany, can I attend?</b>\n\t\t</p>\n\t\t<p>\n\t\t\tOf course! Workshops will be in English, so if you have no troubles with speaking \n\t\t\tand understanding English - you should apply. If you need financial aid to get to \n\t\t\tBerlin or you need assistance with booking flights or hotel in Berlin - let us know. \n\t\t\tWe are willing to help you!\n\t\t</p>\n\t</div>\n\n\t<div class=\"col-md-4\">\n\t\t<p>\n\t\t\t<b>Should I bring my own laptop?</b>\n\t\t</p>\n\t\t<p>\n\t\t\tYes. We have no hardware, so we expect you to bring your computer with you. \n\t\t\tIt is also important for us that you will take home everything you\u2019ll write and create during workshops. \n\t\t</p>\n\t</div>\n</div>\n\n<div class=\"row\" style=\"margin-top: 30px\">\n\t<div class=\"col-md-4\">\n\t\t<p>\n\t\t\t<b>Do I need to have something installed on my laptop? </b>\n\t\t</p>\n\t\t<p>\n\t\t\tIt would be helpful to have Django installed before workshops, but wouldn't\n\t\t\texpect you to install anything on your own.We will make sure that one of our\n\t\t\tcoaches will help you out with this task. \n\t\t</p>\n\t</div>\n\n\t<div class=\"col-md-4\">\n\t\t<p>\n\t\t\t<b>Is EuroPython conference good for a total beginner?</b>\n\t\t</p>\n\t\t<p>\n\t\t\tAs a workshop attendee you will get a free ticket to EuroPython - conference for Python programmers. \n\t\t\tEven though you are new to programming,conference is a good place to meet many interesting people \n\t\t\tin the industry and find inspiration.\n\t\t</p>\n\t</div>\n\n\t<div class=\"col-md-4\">\n\t\t<p><b>Is food provided? </b></p>\n\t\t<p>Yes. Thanks to EuroPython, snacks and lunch will be served during workshops. </p>\n\t</div>\n</div>",
    "background": ""
  },
  "model": "core.eventpagecontent"
},
{
  "pk": 5,
  "fields": {
    "position": 4,
    "page": 1,
    "is_public": true,
    "name": "coach",
    "content": "<div class=\"row\">\n\t<div class=\"col-md-6\">\n\t\t<h2>Be a Mentor!</h2>\n\t\t<p>\n\t\t\tWe would be delighted if you would like to join us as a mentor! \n\t\t\tFill in the form  <a href=\"http://t.co/YvvAFiUvKN\">here</a>, but \n\t\t\tselect the option to be a mentor.\n\t\t</p>\n\t\t<p>\n\t\t\tWe will contact you :)\n\t\t</p>\n\t</div>\n\n\t<div class=\"col-md-6\">\n\t\t<h2>Django Girls</h2>\n\t\t<p>\n\t\t\tDjango Girls Australia is a part of bigger initiative: <a href=\"http://djangogirls.org/\">Django Girls</a>.  \n\t\t\tIt is a non-profit organization and events are organized by volunteers in different places of the world.  \n\t\t</p>\n\t\t<p>\n\t\t\tTo see the source for the program find us on Github: \n\t\t\t<a href=\"https://github.com/DjangoGirls/\">github.com/DjangoGirls</a>.\n\t\t</p>\n\t\t<p>\n\t\t\tIf you want to bring Django Girls to your city, drop us a line: \n\t\t\t<a href=\"mailto:hello@djangogirls.org\">hello@djangogirls.org</a>.\n\t\t</p>\n\t</div>\n</div>",
    "background": "event/backgrounds/coach2_udXLYFp.jpg"
  },
  "model": "core.eventpagecontent"
},
{
  "pk": 6,
  "fields": {
    "position": 5,
    "page": 1,
    "is_public": true,
    "name": "partners",
    "content": "<h3>Sponsors</h3>\n\n<p>\n\tWe couldn't be here without the support from amazing people and organizations \n\twho donated money, knowledge and time to help us make this a reality. \n\tIf you want to contribute and support our goal, please get in touch: \n\t<a href=\"mailto:hello@djangogirls.org\">hello@djangogirls.org</a>\n</p>",
    "background": ""
  },
  "model": "core.eventpagecontent"
},
{
  "pk": 7,
  "fields": {
    "position": 6,
    "page": 1,
    "is_public": true,
    "name": "footer",
    "content": "<div class=\"row social\">\n\n\t<div class=\"col-md-4\">\n\t\t<div class=\"facebook\">\n\t\t\t<div class=\"fb-page\" \n\t\t\t     data-href=\"https://www.facebook.com/djangogirls\" \n\t\t\t     data-small-header=\"true\" \n\t\t\t     data-adapt-container-width=\"true\" \n\t\t\t     data-hide-cover=\"true\" \n\t\t\t     data-show-facepile=\"false\" \n\t\t\t     data-show-posts=\"false\"\n\t\t\t>\n\t\t\t\t<div class=\"fb-xfbml-parse-ignore\">\n\t\t\t\t\t<blockquote cite=\"https://www.facebook.com/djangogirls\">\n\t\t\t\t\t\t<a href=\"https://www.facebook.com/djangogirls\">Django Girls</a>\n\t\t\t\t\t</blockquote>\n\t\t\t\t</div>\n\t\t\t</div>\n\t\t</div>\n\t</div>\n\n\t<div class=\"col-md-4\">\n\t\t<div class=\"twitter\">\n\t\t\t<a href=\"https://twitter.com/djangogirls\" \n\t\t\t   class=\"twitter-follow-button\" \n\t\t\t   data-show-count=\"false\" \n\t\t\t   data-size=\"large\"\n\t\t\t>\n\t\t\t\tFollow @djangogirls\n\t\t\t</a>\n\t\t</div>\n\t</div>\n\n\t<div class=\"col-md-4\">\n\t\tGet in touch:<br> \n\t\t<a href=\"mailto:hello@djangogirls.org\">hello@djangogirls.org</a><br><br>\n\t</div>\n</div>\n\n<div class=\"row credits\">\n\t<div class=\"col-md-12\">\n\t\t\u2665 Django Girls Europe is organized by <a href=\"http://twitter.com/olasitarska\">Ola Sitarska</a> a\n\t\tnd <a href=\"http://twitter.com/asednecka\">Ola Sendecka</a> with the support from \n\t\t<a href=\"http://europython.eu/\">EuroPython 2014</a>.<br>\n\n\t\tDjango Girls Europe is a part of <a href=\"/\">Django Girls</a>.\n\t\t<br>Every participant needs to follow the <a href=\"/pages/coc/\">Code of Conduct</a>.\n\t</div>\n</div>",
    "background": "event/backgrounds/footer1_p9mRDXD.jpg"
  },
  "model": "core.eventpagecontent"
},
{
  "pk": 8,
  "fields": {
    "position": 0,
    "page": 2,
    "is_public": true,
    "name": "about",
    "content": "<div style=\"text-align: center;\">\n\n\t<h1>Free programming workshop for women</h1>\n\t<h2>Build your first website at EuroPython 2014 in Berlin!</h2>\n\t<a class=\"btn\" href=\"#values\">Learn more \u00bb</a>\n\n</div>\n",
    "background": "event/backgrounds/about1_qSYGr1z.jpg"
  },
  "model": "core.eventpagecontent"
},
{
  "pk": 9,
  "fields": {
    "position": 1,
    "page": 2,
    "is_public": true,
    "name": "values",
    "content": "<div class=\"row\">\n\t<div class=\"col-md-6\">\n\t\t<h3>Django Girls</h3>\n\t\t<p>\n\t\t\tIf you are a female and you want to learn how to make websites, \n\t\t\twe have good news for you! We are holding a one-day workshop for beginners!\n\t    </p>\n\n\t\t<p>\n\t\t\tIt will take place on <strong>21st of July</strong> in <strong>Berlin</strong>,\n\t\t\ton the first day of a big IT conference: <a href=\"http://europython.eu/\">EuroPython</a>, \n\t\t\twhich gathers a lot of talented programmers from all over the world.\n\t\t</p>\n\n\t\t<p>\n\t\t\tWe believe that IT industry will greatly benefit from bringing more women\n\t\t\tinto technology. We want to give you an opportunity to learn how to program\n\t\t\tand become one of us - female programmers!\n\t\t</p>\n\n\t\t<p>\n\t\t\tWorkshops are free of charge and if you can\u2019t afford coming to Berlin,\n\t\t\tbut you are very motivated to learn and then share your knowledge with others,\n\t\t\twe have some funds to help you out with your travel costs and accommodation. \n\t\t\tDon\u2019t wait too long - you can apply for a pass only until <strong>30th of June</strong>!\n\t \t</p>      \n\t </div>      \n\n\t <div class=\"col-md-6\">\n\t \t<h3>Apply for a pass!</h3>\n\t \t<p>\n\t \t\tIf you are a woman, you know English and have a laptop - you can apply\n\t \t\tfor a pass! You don\u2019t need to know any technical stuff - workshops\n\t \t\tare for people who are new to programming.\n\t \t</p>\n\n\t \t<p>\n\t \t\tAs a workshop attendee you will:\n\t \t\t<ul>\n\t \t\t\t<li>attend one-day Django workshops during which you will create your first website</li>\n\t \t\t\t<li>get a free EuroPython ticket (which normally costs 400 \u20ac!), where you can meet people from the industry and learn more about programming</li>\n\t \t\t\t<li>be fed by us - during workshops and EuroPython food is provided</li>\n\t \t\t</ul>\n\t \t</p>\n\n\t \t<p>We have space only for 40 people, so make sure to fill the form very carefully!</p>\n\t </div>\n</div>",
    "background": ""
  },
  "model": "core.eventpagecontent"
},
{
  "pk": 10,
  "fields": {
    "position": 2,
    "page": 2,
    "is_public": true,
    "name": "apply",
    "content": "<div class=\"row\">\n\n\t<div class=\"col-md-7 col-md-offset-5\">\n\n\t\t<h2>Applications are now open!</h2>\n\n\t\t<p>\n\t\t\tApplication process closes on July 23rd and you\\'ll be informedabout acceptance or rejection by July 28th (or sooner)!\n\t\t</p>\n\n\t\t<a class=\"btn\" href=\"apply\">Register</a>\n\n\t</div>\n</div>",
    "background": "event/backgrounds/apply_U30O1VM.jpg"
  },
  "model": "core.eventpagecontent"
},
{
  "pk": 11,
  "fields": {
    "position": 3,
    "page": 2,
    "is_public": true,
    "name": "faq",
    "content": "<div class=\"row\">\n\t<div class=\"col-md-4\">\n\t\t<p>\n\t\t\t<b>Do I need to know anything about websites or programming?</b>\n\t\t</p>\n\t\t<p>\n\t\t\tNo! Workshops are for beginners. You don\u2019t need to know anything about it. \n\t\t\tHowever, if you have a little bit of technical knowledge (i.e. you know what HTML or CSS are) you still can apply!\n\t\t</p>\n\t</div>\n\n\t<div class=\"col-md-4\">\n\t\t<p>\n\t\t\t<b>I am not living in Germany, can I attend?</b>\n\t\t</p>\n\t\t<p>\n\t\t\tOf course! Workshops will be in English, so if you have no troubles with speaking \n\t\t\tand understanding English - you should apply. If you need financial aid to get to \n\t\t\tBerlin or you need assistance with booking flights or hotel in Berlin - let us know. \n\t\t\tWe are willing to help you!\n\t\t</p>\n\t</div>\n\n\t<div class=\"col-md-4\">\n\t\t<p>\n\t\t\t<b>Should I bring my own laptop?</b>\n\t\t</p>\n\t\t<p>\n\t\t\tYes. We have no hardware, so we expect you to bring your computer with you. \n\t\t\tIt is also important for us that you will take home everything you\u2019ll write and create during workshops. \n\t\t</p>\n\t</div>\n</div>\n\n<div class=\"row\" style=\"margin-top: 30px\">\n\t<div class=\"col-md-4\">\n\t\t<p>\n\t\t\t<b>Do I need to have something installed on my laptop? </b>\n\t\t</p>\n\t\t<p>\n\t\t\tIt would be helpful to have Django installed before workshops, but wouldn't\n\t\t\texpect you to install anything on your own.We will make sure that one of our\n\t\t\tcoaches will help you out with this task. \n\t\t</p>\n\t</div>\n\n\t<div class=\"col-md-4\">\n\t\t<p>\n\t\t\t<b>Is EuroPython conference good for a total beginner?</b>\n\t\t</p>\n\t\t<p>\n\t\t\tAs a workshop attendee you will get a free ticket to EuroPython - conference for Python programmers. \n\t\t\tEven though you are new to programming,conference is a good place to meet many interesting people \n\t\t\tin the industry and find inspiration.\n\t\t</p>\n\t</div>\n\n\t<div class=\"col-md-4\">\n\t\t<p><b>Is food provided? </b></p>\n\t\t<p>Yes. Thanks to EuroPython, snacks and lunch will be served during workshops. </p>\n\t</div>\n</div>",
    "background": ""
  },
  "model": "core.eventpagecontent"
},
{
  "pk": 12,
  "fields": {
    "position": 4,
    "page": 2,
    "is_public": true,
    "name": "coach",
    "content": "<div class=\"row\">\n\t<div class=\"col-md-6\">\n\t\t<h2>Be a Mentor!</h2>\n\t\t<p>\n\t\t\tWe would be delighted if you would like to join us as a mentor! \n\t\t\tFill in the form  <a href=\"http://t.co/YvvAFiUvKN\">here</a>, but \n\t\t\tselect the option to be a mentor.\n\t\t</p>\n\t\t<p>\n\t\t\tWe will contact you :)\n\t\t</p>\n\t</div>\n\n\t<div class=\"col-md-6\">\n\t\t<h2>Django Girls</h2>\n\t\t<p>\n\t\t\tDjango Girls Australia is a part of bigger initiative: <a href=\"http://djangogirls.org/\">Django Girls</a>.  \n\t\t\tIt is a non-profit organization and events are organized by volunteers in different places of the world.  \n\t\t</p>\n\t\t<p>\n\t\t\tTo see the source for the program find us on Github: \n\t\t\t<a href=\"https://github.com/DjangoGirls/\">github.com/DjangoGirls</a>.\n\t\t</p>\n\t\t<p>\n\t\t\tIf you want to bring Django Girls to your city, drop us a line: \n\t\t\t<a href=\"mailto:hello@djangogirls.org\">hello@djangogirls.org</a>.\n\t\t</p>\n\t</div>\n</div>",
    "background": "event/backgrounds/coach2_ScUocFf.jpg"
  },
  "model": "core.eventpagecontent"
},
{
  "pk": 13,
  "fields": {
    "position": 5,
    "page": 2,
    "is_public": true,
    "name": "partners",
    "content": "<h3>Sponsors</h3>\n\n<p>\n\tWe couldn't be here without the support from amazing people and organizations \n\twho donated money, knowledge and time to help us make this a reality. \n\tIf you want to contribute and support our goal, please get in touch: \n\t<a href=\"mailto:hello@djangogirls.org\">hello@djangogirls.org</a>\n</p>",
    "background": ""
  },
  "model": "core.eventpagecontent"
},
{
  "pk": 14,
  "fields": {
    "position": 6,
    "page": 2,
    "is_public": true,
    "name": "footer",
    "content": "<div class=\"row social\">\n\n\t<div class=\"col-md-4\">\n\t\t<div class=\"facebook\">\n\t\t\t<div class=\"fb-page\" \n\t\t\t     data-href=\"https://www.facebook.com/djangogirls\" \n\t\t\t     data-small-header=\"true\" \n\t\t\t     data-adapt-container-width=\"true\" \n\t\t\t     data-hide-cover=\"true\" \n\t\t\t     data-show-facepile=\"false\" \n\t\t\t     data-show-posts=\"false\"\n\t\t\t>\n\t\t\t\t<div class=\"fb-xfbml-parse-ignore\">\n\t\t\t\t\t<blockquote cite=\"https://www.facebook.com/djangogirls\">\n\t\t\t\t\t\t<a href=\"https://www.facebook.com/djangogirls\">Django Girls</a>\n\t\t\t\t\t</blockquote>\n\t\t\t\t</div>\n\t\t\t</div>\n\t\t</div>\n\t</div>\n\n\t<div class=\"col-md-4\">\n\t\t<div class=\"twitter\">\n\t\t\t<a href=\"https://twitter.com/djangogirls\" \n\t\t\t   class=\"twitter-follow-button\" \n\t\t\t   data-show-count=\"false\" \n\t\t\t   data-size=\"large\"\n\t\t\t>\n\t\t\t\tFollow @djangogirls\n\t\t\t</a>\n\t\t</div>\n\t</div>\n\n\t<div class=\"col-md-4\">\n\t\tGet in touch:<br> \n\t\t<a href=\"mailto:hello@djangogirls.org\">hello@djangogirls.org</a><br><br>\n\t</div>\n</div>\n\n<div class=\"row credits\">\n\t<div class=\"col-md-12\">\n\t\t\u2665 Django Girls Europe is organized by <a href=\"http://twitter.com/olasitarska\">Ola Sitarska</a> a\n\t\tnd <a href=\"http://twitter.com/asednecka\">Ola Sendecka</a> with the support from \n\t\t<a href=\"http://europython.eu/\">EuroPython 2014</a>.<br>\n\n\t\tDjango Girls Europe is a part of <a href=\"/\">Django Girls</a>.\n\t\t<br>Every participant needs to follow the <a href=\"/pages/coc/\">Code of Conduct</a>.\n\t</div>\n</div>",
    "background": "event/backgrounds/footer2.jpg"
  },
  "model": "core.eventpagecontent"
},
{
  "pk": 1,
  "fields": {
    "position": 0,
    "title": "About",
    "page": 1,
    "url": "#values"
  },
  "model": "core.eventpagemenu"
},
{
  "pk": 2,
  "fields": {
    "position": 1,
    "title": "Apply for a pass!",
    "page": 1,
    "url": "#apply"
  },
  "model": "core.eventpagemenu"
},
{
  "pk": 3,
  "fields": {
    "position": 2,
    "title": "FAQ",
    "page": 1,
    "url": "#faq"
  },
  "model": "core.eventpagemenu"
},
{
  "pk": 4,
  "fields": {
    "position": 3,
    "title": "Become a coach",
    "page": 1,
    "url": "#coach"
  },
  "model": "core.eventpagemenu"
},
{
  "pk": 5,
  "fields": {
    "position": 4,
    "title": "Partners",
    "page": 1,
    "url": "#partners"
  },
  "model": "core.eventpagemenu"
},
{
  "pk": 6,
  "fields": {
    "position": 0,
    "title": "About",
    "page": 2,
    "url": "#values"
  },
  "model": "core.eventpagemenu"
},
{
  "pk": 7,
  "fields": {
    "position": 1,
    "title": "Apply for a pass!",
    "page": 2,
    "url": "#apply"
  },
  "model": "core.eventpagemenu"
},
{
  "pk": 8,
  "fields": {
    "position": 2,
    "title": "FAQ",
    "page": 2,
    "url": "#faq"
  },
  "model": "core.eventpagemenu"
},
{
  "pk": 9,
  "fields": {
    "position": 3,
    "title": "Become a coach",
    "page": 2,
    "url": "#coach"
  },
  "model": "core.eventpagemenu"
},
{
  "pk": 10,
  "fields": {
    "position": 4,
    "title": "Partners",
    "page": 2,
    "url": "#partners"
  },
  "model": "core.eventpagemenu"
},
{
  "pk": 1,
  "fields": {
    "page": 2,
    "text_header": "Apply for a spot at Django Girls [City]!",
    "open_from": "2015-11-07T12:58:24Z",
    "confirmation_mail": "Hi there!This is a confirmation of your application to <a href=\"http://djangogirls.org/{city}\">Django Girls {CITY}</a>. Yay! That's a huge step already, we're proud of you!\r\n\r\nMind that this is not a confirmation of participation in the event, but a confirmation that we received your application.\r\n\r\nYou'll receive an email from the team that organizes Django Girls {CITY} soon. You can always reach them by answering to this email or by writing to {your event mail}.\r\nFor your reference, we're attaching your answers below.\r\n\r\nHugs, cupcakes and high-fives!\r\nDjango Girls",
    "text_description": "Yay! We're so excited you want to be a part of our workshop. Please mind that filling out the form below does not give you a place on the workshop, but a chance to get one. The application process is open from {INSERT DATE} until {INSERT DATE}. If you're curious about the criteria we use to choose applicants, you can read about it on <a href='http://blog.djangogirls.org/post/91067112853/djangogirls-how-we-scored-applications'>Django Girls blog</a>. Good luck!",
    "open_until": "2020-01-03T00:01:00Z"
  },
  "model": "applications.form"
},
{
  "pk": 1,
  "fields": {
    "question_type": "paragraph",
    "choices": "",
    "is_multiple_choice": false,
    "title": "What's your name?",
    "form": 1,
    "order": 1,
    "is_required": true,
    "help_text": ""
  },
  "model": "applications.question"
},
{
  "pk": 2,
  "fields": {
    "question_type": "email",
    "choices": "",
    "is_multiple_choice": false,
    "title": "Your e-mail address:",
    "form": 1,
    "order": 2,
    "is_required": true,
    "help_text": ""
  },
  "model": "applications.question"
},
{
  "pk": 3,
  "fields": {
    "question_type": "paragraph",
    "choices": "",
    "is_multiple_choice": false,
    "title": "Your phone number:",
    "form": 1,
    "order": 3,
    "is_required": true,
    "help_text": "Include your country prefix"
  },
  "model": "applications.question"
},
{
  "pk": 4,
  "fields": {
    "question_type": "paragraph",
    "choices": "",
    "is_multiple_choice": false,
    "title": "Where are you from?",
    "form": 1,
    "order": 4,
    "is_required": true,
    "help_text": "City, Country"
  },
  "model": "applications.question"
},
{
  "pk": 5,
  "fields": {
    "question_type": "paragraph",
    "choices": "",
    "is_multiple_choice": false,
    "title": "How old are you?",
    "form": 1,
    "order": 5,
    "is_required": false,
    "help_text": ""
  },
  "model": "applications.question"
},
{
  "pk": 6,
  "fields": {
    "question_type": "choices",
    "choices": "Mac OS X; Windows; Linux",
    "is_multiple_choice": true,
    "title": "Which operating system do you use?",
    "form": 1,
    "order": 6,
    "is_required": true,
    "help_text": ""
  },
  "model": "applications.question"
},
{
  "pk": 7,
  "fields": {
    "question_type": "choices",
    "choices": "I'm a total beginner, I don't know anything about it; I've tried some HTML or CSS before; I've tried some JavaScript before; I've done a few lessons of Python; I've built a website before; I work as a programmer",
    "is_multiple_choice": true,
    "title": "What is your current level of experience with programming?",
    "form": 1,
    "order": 7,
    "is_required": true,
    "help_text": ""
  },
  "model": "applications.question"
},
{
  "pk": 8,
  "fields": {
    "question_type": "text",
    "choices": "",
    "is_multiple_choice": false,
    "title": "If you checked anything other than beginner, could you tell us a bit more about your programming knowledge?",
    "form": 1,
    "order": 8,
    "is_required": false,
    "help_text": ""
  },
  "model": "applications.question"
},
{
  "pk": 9,
  "fields": {
    "question_type": "text",
    "choices": "",
    "is_multiple_choice": false,
    "title": "What is your current occupation?",
    "form": 1,
    "order": 9,
    "is_required": true,
    "help_text": "What is your current job? Are you a student?"
  },
  "model": "applications.question"
},
{
  "pk": 10,
  "fields": {
    "question_type": "text",
    "choices": "",
    "is_multiple_choice": false,
    "title": "Why do you want to attend the workshop?",
    "form": 1,
    "order": 10,
    "is_required": true,
    "help_text": "Tell us about your motivations and aspirations."
  },
  "model": "applications.question"
},
{
  "pk": 11,
  "fields": {
    "question_type": "text",
    "choices": "",
    "is_multiple_choice": false,
    "title": "How are you planning to share what you've learnt with others?",
    "form": 1,
    "order": 11,
    "is_required": false,
    "help_text": "Django Girls is a volunteer-run organisation and we look for people who are active and can help us help more women get into the field. We want you to share what you learn at the workshop with others in different ways: by organising a Django Girls event in your city, talking about Django Girls on your local meetups, writing a blog or simply teaching your friends."
  },
  "model": "applications.question"
},
{
  "pk": 12,
  "fields": {
    "question_type": "choices",
    "choices": "Facebook; Twitter; From a friend; PyLadies",
    "is_multiple_choice": true,
    "title": "How did you hear about Django Girls?",
    "form": 1,
    "order": 12,
    "is_required": false,
    "help_text": "Django Girls is a volunteer-run organisation and we look for people who are active and can help us help more women get into the field. We want you to share what you learn at the workshop with others in different ways: by organising a Django Girls event in your city, talking about Django Girls on your local meetups, writing a blog or simply teaching your friends."
  },
  "model": "applications.question"
},
{
  "pk": 13,
  "fields": {
    "question_type": "choices",
    "choices": "I've read and understood the Django Girls Code of Conduct",
    "is_multiple_choice": true,
    "title": "It is important that all attendees comply with the <a href='/pages/coc/'>Django Girls Code of Conduct</a>",
    "form": 1,
    "order": 13,
    "is_required": true,
    "help_text": ""
  },
  "model": "applications.question"
},
{
  "pk": 1,
  "fields": {
    "email": "emma@foobar.org",
    "rsvp_no_code": null,
    "state": "submitted",
    "created": "2015-11-07T12:01:00.420Z",
    "rsvp_status": "waiting",
    "form": 1,
    "number": 1,
    "newsletter_optin": true,
    "rsvp_yes_code": null
  },
  "model": "applications.application"
},
{
  "pk": 1,
  "fields": {
    "answer": "22",
    "question": 5,
    "application": 1
  },
  "model": "applications.answer"
},
{
  "pk": 2,
  "fields": {
    "answer": "Facebook",
    "question": 12,
    "application": 1
  },
  "model": "applications.answer"
},
{
  "pk": 3,
  "fields": {
    "answer": "I have done a simple course on coursera.",
    "question": 8,
    "application": 1
  },
  "model": "applications.answer"
},
{
  "pk": 4,
  "fields": {
    "answer": "333444333",
    "question": 3,
    "application": 1
  },
  "model": "applications.answer"
},
{
  "pk": 5,
  "fields": {
    "answer": "Emma Foobar",
    "question": 1,
    "application": 1
  },
  "model": "applications.answer"
},
{
  "pk": 6,
  "fields": {
    "answer": "I've read and understood the Django Girls Code of Conduct",
    "question": 13,
    "application": 1
  },
  "model": "applications.answer"
},
{
  "pk": 7,
  "fields": {
    "answer": " Windows",
    "question": 6,
    "application": 1
  },
  "model": "applications.answer"
},
{
  "pk": 8,
  "fields": {
    "answer": "Amsterdam, Netherlands",
    "question": 4,
    "application": 1
  },
  "model": "applications.answer"
},
{
  "pk": 9,
  "fields": {
    "answer": "I am a stay at home mom.",
    "question": 9,
    "application": 1
  },
  "model": "applications.answer"
},
{
  "pk": 10,
  "fields": {
    "answer": "I would love to create an event for other moms and create a startup for future moms.",
    "question": 11,
    "application": 1
  },
  "model": "applications.answer"
},
{
  "pk": 11,
  "fields": {
    "answer": " I've tried some HTML or CSS before,  I've done a few lessons of Python",
    "question": 7,
    "application": 1
  },
  "model": "applications.answer"
},
{
  "pk": 12,
  "fields": {
    "answer": "I would totally love to start programming!",
    "question": 10,
    "application": 1
  },
  "model": "applications.answer"
},
{
  "pk": 13,
  "fields": {
    "answer": "emma@foobar.org",
    "question": 2,
    "application": 1
  },
  "model": "applications.answer"
},
{
  "pk": 1,
  "fields": {
    "content_type": 1,
    "name": "Can add content type",
    "codename": "add_contenttype"
  },
  "model": "auth.permission"
},
{
  "pk": 2,
  "fields": {
    "content_type": 1,
    "name": "Can change content type",
    "codename": "change_contenttype"
  },
  "model": "auth.permission"
},
{
  "pk": 3,
  "fields": {
    "content_type": 1,
    "name": "Can delete content type",
    "codename": "delete_contenttype"
  },
  "model": "auth.permission"
},
{
  "pk": 4,
  "fields": {
    "content_type": 2,
    "name": "Can add group",
    "codename": "add_group"
  },
  "model": "auth.permission"
},
{
  "pk": 5,
  "fields": {
    "content_type": 2,
    "name": "Can change group",
    "codename": "change_group"
  },
  "model": "auth.permission"
},
{
  "pk": 6,
  "fields": {
    "content_type": 2,
    "name": "Can delete group",
    "codename": "delete_group"
  },
  "model": "auth.permission"
},
{
  "pk": 7,
  "fields": {
    "content_type": 3,
    "name": "Can add permission",
    "codename": "add_permission"
  },
  "model": "auth.permission"
},
{
  "pk": 8,
  "fields": {
    "content_type": 3,
    "name": "Can change permission",
    "codename": "change_permission"
  },
  "model": "auth.permission"
},
{
  "pk": 9,
  "fields": {
    "content_type": 3,
    "name": "Can delete permission",
    "codename": "delete_permission"
  },
  "model": "auth.permission"
},
{
  "pk": 10,
  "fields": {
    "content_type": 4,
    "name": "Can add story",
    "codename": "add_story"
  },
  "model": "auth.permission"
},
{
  "pk": 11,
  "fields": {
    "content_type": 4,
    "name": "Can change story",
    "codename": "change_story"
  },
  "model": "auth.permission"
},
{
  "pk": 12,
  "fields": {
    "content_type": 4,
    "name": "Can delete story",
    "codename": "delete_story"
  },
  "model": "auth.permission"
},
{
  "pk": 13,
  "fields": {
    "content_type": 5,
    "name": "Can add event",
    "codename": "add_event"
  },
  "model": "auth.permission"
},
{
  "pk": 14,
  "fields": {
    "content_type": 5,
    "name": "Can change event",
    "codename": "change_event"
  },
  "model": "auth.permission"
},
{
  "pk": 15,
  "fields": {
    "content_type": 5,
    "name": "Can delete event",
    "codename": "delete_event"
  },
  "model": "auth.permission"
},
{
  "pk": 16,
  "fields": {
    "content_type": 6,
    "name": "Can add Website",
    "codename": "add_eventpage"
  },
  "model": "auth.permission"
},
{
  "pk": 17,
  "fields": {
    "content_type": 6,
    "name": "Can change Website",
    "codename": "change_eventpage"
  },
  "model": "auth.permission"
},
{
  "pk": 18,
  "fields": {
    "content_type": 6,
    "name": "Can delete Website",
    "codename": "delete_eventpage"
  },
  "model": "auth.permission"
},
{
  "pk": 19,
  "fields": {
    "content_type": 7,
    "name": "Can add Organizer",
    "codename": "add_user"
  },
  "model": "auth.permission"
},
{
  "pk": 20,
  "fields": {
    "content_type": 7,
    "name": "Can change Organizer",
    "codename": "change_user"
  },
  "model": "auth.permission"
},
{
  "pk": 21,
  "fields": {
    "content_type": 7,
    "name": "Can delete Organizer",
    "codename": "delete_user"
  },
  "model": "auth.permission"
},
{
  "pk": 22,
  "fields": {
    "content_type": 8,
    "name": "Can add Website Content",
    "codename": "add_eventpagecontent"
  },
  "model": "auth.permission"
},
{
  "pk": 23,
  "fields": {
    "content_type": 8,
    "name": "Can change Website Content",
    "codename": "change_eventpagecontent"
  },
  "model": "auth.permission"
},
{
  "pk": 24,
  "fields": {
    "content_type": 8,
    "name": "Can delete Website Content",
    "codename": "delete_eventpagecontent"
  },
  "model": "auth.permission"
},
{
  "pk": 25,
  "fields": {
    "content_type": 9,
    "name": "Can add sponsor",
    "codename": "add_sponsor"
  },
  "model": "auth.permission"
},
{
  "pk": 26,
  "fields": {
    "content_type": 9,
    "name": "Can change sponsor",
    "codename": "change_sponsor"
  },
  "model": "auth.permission"
},
{
  "pk": 27,
  "fields": {
    "content_type": 9,
    "name": "Can delete sponsor",
    "codename": "delete_sponsor"
  },
  "model": "auth.permission"
},
{
  "pk": 28,
  "fields": {
    "content_type": 10,
    "name": "Can add postmortem",
    "codename": "add_postmortem"
  },
  "model": "auth.permission"
},
{
  "pk": 29,
  "fields": {
    "content_type": 10,
    "name": "Can change postmortem",
    "codename": "change_postmortem"
  },
  "model": "auth.permission"
},
{
  "pk": 30,
  "fields": {
    "content_type": 10,
    "name": "Can delete postmortem",
    "codename": "delete_postmortem"
  },
  "model": "auth.permission"
},
{
  "pk": 31,
  "fields": {
    "content_type": 11,
    "name": "Can add Website Menu",
    "codename": "add_eventpagemenu"
  },
  "model": "auth.permission"
},
{
  "pk": 32,
  "fields": {
    "content_type": 11,
    "name": "Can change Website Menu",
    "codename": "change_eventpagemenu"
  },
  "model": "auth.permission"
},
{
  "pk": 33,
  "fields": {
    "content_type": 11,
    "name": "Can delete Website Menu",
    "codename": "delete_eventpagemenu"
  },
  "model": "auth.permission"
},
{
  "pk": 34,
  "fields": {
    "content_type": 12,
    "name": "Can add coach",
    "codename": "add_coach"
  },
  "model": "auth.permission"
},
{
  "pk": 35,
  "fields": {
    "content_type": 12,
    "name": "Can change coach",
    "codename": "change_coach"
  },
  "model": "auth.permission"
},
{
  "pk": 36,
  "fields": {
    "content_type": 12,
    "name": "Can delete coach",
    "codename": "delete_coach"
  },
  "model": "auth.permission"
},
{
  "pk": 37,
  "fields": {
    "content_type": 13,
    "name": "Can add log entry",
    "codename": "add_logentry"
  },
  "model": "auth.permission"
},
{
  "pk": 38,
  "fields": {
    "content_type": 13,
    "name": "Can change log entry",
    "codename": "change_logentry"
  },
  "model": "auth.permission"
},
{
  "pk": 39,
  "fields": {
    "content_type": 13,
    "name": "Can delete log entry",
    "codename": "delete_logentry"
  },
  "model": "auth.permission"
},
{
  "pk": 40,
  "fields": {
    "content_type": 14,
    "name": "Can add question",
    "codename": "add_question"
  },
  "model": "auth.permission"
},
{
  "pk": 41,
  "fields": {
    "content_type": 14,
    "name": "Can change question",
    "codename": "change_question"
  },
  "model": "auth.permission"
},
{
  "pk": 42,
  "fields": {
    "content_type": 14,
    "name": "Can delete question",
    "codename": "delete_question"
  },
  "model": "auth.permission"
},
{
  "pk": 43,
  "fields": {
    "content_type": 15,
    "name": "Can add form",
    "codename": "add_form"
  },
  "model": "auth.permission"
},
{
  "pk": 44,
  "fields": {
    "content_type": 15,
    "name": "Can change form",
    "codename": "change_form"
  },
  "model": "auth.permission"
},
{
  "pk": 45,
  "fields": {
    "content_type": 15,
    "name": "Can delete form",
    "codename": "delete_form"
  },
  "model": "auth.permission"
},
{
  "pk": 46,
  "fields": {
    "content_type": 16,
    "name": "Can add email",
    "codename": "add_email"
  },
  "model": "auth.permission"
},
{
  "pk": 47,
  "fields": {
    "content_type": 16,
    "name": "Can change email",
    "codename": "change_email"
  },
  "model": "auth.permission"
},
{
  "pk": 48,
  "fields": {
    "content_type": 16,
    "name": "Can delete email",
    "codename": "delete_email"
  },
  "model": "auth.permission"
},
{
  "pk": 49,
  "fields": {
    "content_type": 17,
    "name": "Can add application",
    "codename": "add_application"
  },
  "model": "auth.permission"
},
{
  "pk": 50,
  "fields": {
    "content_type": 17,
    "name": "Can change application",
    "codename": "change_application"
  },
  "model": "auth.permission"
},
{
  "pk": 51,
  "fields": {
    "content_type": 17,
    "name": "Can delete application",
    "codename": "delete_application"
  },
  "model": "auth.permission"
},
{
  "pk": 52,
  "fields": {
    "content_type": 18,
    "name": "Can add score",
    "codename": "add_score"
  },
  "model": "auth.permission"
},
{
  "pk": 53,
  "fields": {
    "content_type": 18,
    "name": "Can change score",
    "codename": "change_score"
  },
  "model": "auth.permission"
},
{
  "pk": 54,
  "fields": {
    "content_type": 18,
    "name": "Can delete score",
    "codename": "delete_score"
  },
  "model": "auth.permission"
},
{
  "pk": 55,
  "fields": {
    "content_type": 19,
    "name": "Can add answer",
    "codename": "add_answer"
  },
  "model": "auth.permission"
},
{
  "pk": 56,
  "fields": {
    "content_type": 19,
    "name": "Can change answer",
    "codename": "change_answer"
  },
  "model": "auth.permission"
},
{
  "pk": 57,
  "fields": {
    "content_type": 19,
    "name": "Can delete answer",
    "codename": "delete_answer"
  },
  "model": "auth.permission"
},
{
  "pk": 58,
  "fields": {
    "content_type": 20,
    "name": "Can add source",
    "codename": "add_source"
  },
  "model": "auth.permission"
},
{
  "pk": 59,
  "fields": {
    "content_type": 20,
    "name": "Can change source",
    "codename": "change_source"
  },
  "model": "auth.permission"
},
{
  "pk": 60,
  "fields": {
    "content_type": 20,
    "name": "Can delete source",
    "codename": "delete_source"
  },
  "model": "auth.permission"
},
{
  "pk": 61,
  "fields": {
    "content_type": 21,
    "name": "Can add thumbnail",
    "codename": "add_thumbnail"
  },
  "model": "auth.permission"
},
{
  "pk": 62,
  "fields": {
    "content_type": 21,
    "name": "Can change thumbnail",
    "codename": "change_thumbnail"
  },
  "model": "auth.permission"
},
{
  "pk": 63,
  "fields": {
    "content_type": 21,
    "name": "Can delete thumbnail",
    "codename": "delete_thumbnail"
  },
  "model": "auth.permission"
},
{
  "pk": 64,
  "fields": {
    "content_type": 22,
    "name": "Can add thumbnail dimensions",
    "codename": "add_thumbnaildimensions"
  },
  "model": "auth.permission"
},
{
  "pk": 65,
  "fields": {
    "content_type": 22,
    "name": "Can change thumbnail dimensions",
    "codename": "change_thumbnaildimensions"
  },
  "model": "auth.permission"
},
{
  "pk": 66,
  "fields": {
    "content_type": 22,
    "name": "Can delete thumbnail dimensions",
    "codename": "delete_thumbnaildimensions"
  },
  "model": "auth.permission"
},
{
  "pk": 67,
  "fields": {
    "content_type": 23,
    "name": "Can add site",
    "codename": "add_site"
  },
  "model": "auth.permission"
},
{
  "pk": 68,
  "fields": {
    "content_type": 23,
    "name": "Can change site",
    "codename": "change_site"
  },
  "model": "auth.permission"
},
{
  "pk": 69,
  "fields": {
    "content_type": 23,
    "name": "Can delete site",
    "codename": "delete_site"
  },
  "model": "auth.permission"
},
{
  "pk": 70,
  "fields": {
    "content_type": 24,
    "name": "Can add flat page",
    "codename": "add_flatpage"
  },
  "model": "auth.permission"
},
{
  "pk": 71,
  "fields": {
    "content_type": 24,
    "name": "Can change flat page",
    "codename": "change_flatpage"
  },
  "model": "auth.permission"
},
{
  "pk": 72,
  "fields": {
    "content_type": 24,
    "name": "Can delete flat page",
    "codename": "delete_flatpage"
  },
  "model": "auth.permission"
},
{
  "pk": 73,
  "fields": {
    "content_type": 25,
    "name": "Can add job",
    "codename": "add_job"
  },
  "model": "auth.permission"
},
{
  "pk": 74,
  "fields": {
    "content_type": 25,
    "name": "Can change job",
    "codename": "change_job"
  },
  "model": "auth.permission"
},
{
  "pk": 75,
  "fields": {
    "content_type": 25,
    "name": "Can delete job",
    "codename": "delete_job"
  },
  "model": "auth.permission"
},
{
  "pk": 76,
  "fields": {
    "content_type": 26,
    "name": "Can add meetup",
    "codename": "add_meetup"
  },
  "model": "auth.permission"
},
{
  "pk": 77,
  "fields": {
    "content_type": 26,
    "name": "Can change meetup",
    "codename": "change_meetup"
  },
  "model": "auth.permission"
},
{
  "pk": 78,
  "fields": {
    "content_type": 26,
    "name": "Can delete meetup",
    "codename": "delete_meetup"
  },
  "model": "auth.permission"
},
{
  "pk": 79,
  "fields": {
    "content_type": 27,
    "name": "Can add session",
    "codename": "add_session"
  },
  "model": "auth.permission"
},
{
  "pk": 80,
  "fields": {
    "content_type": 27,
    "name": "Can change session",
    "codename": "change_session"
  },
  "model": "auth.permission"
},
{
  "pk": 81,
  "fields": {
    "content_type": 27,
    "name": "Can delete session",
    "codename": "delete_session"
  },
  "model": "auth.permission"
},
{
  "pk": 82,
  "fields": {
    "content_type": 28,
    "name": "Can add patron",
    "codename": "add_patron"
  },
  "model": "auth.permission"
},
{
  "pk": 83,
  "fields": {
    "content_type": 28,
    "name": "Can change patron",
    "codename": "change_patron"
  },
  "model": "auth.permission"
},
{
  "pk": 84,
  "fields": {
    "content_type": 28,
    "name": "Can delete patron",
    "codename": "delete_patron"
  },
  "model": "auth.permission"
},
{
  "pk": 85,
  "fields": {
    "content_type": 29,
    "name": "Can add reward",
    "codename": "add_reward"
  },
  "model": "auth.permission"
},
{
  "pk": 86,
  "fields": {
    "content_type": 29,
    "name": "Can change reward",
    "codename": "change_reward"
  },
  "model": "auth.permission"
},
{
  "pk": 87,
  "fields": {
    "content_type": 29,
    "name": "Can delete reward",
    "codename": "delete_reward"
  },
  "model": "auth.permission"
},
{
  "pk": 88,
  "fields": {
    "content_type": 30,
    "name": "Can add payment",
    "codename": "add_payment"
  },
  "model": "auth.permission"
},
{
  "pk": 89,
  "fields": {
    "content_type": 30,
    "name": "Can change payment",
    "codename": "change_payment"
  },
  "model": "auth.permission"
},
{
  "pk": 90,
  "fields": {
    "content_type": 30,
    "name": "Can delete payment",
    "codename": "delete_payment"
  },
  "model": "auth.permission"
},
{
  "pk": 1,
  "fields": {
    "name": "Reviewers",
    "permissions": [
      74,
      77
    ]
  },
  "model": "auth.group"
},
{
  "pk": 1,
  "fields": {
    "groups": [],
    "email": "test@example.com",
    "first_name": "",
    "is_superuser": true,
    "date_joined": "2015-11-07T11:51:05.742Z",
    "password": "pbkdf2_sha256$20000$1QVzRS4OErAO$WyzHCpw4gwA+fft+Cf3/pdauPGXVB+xtfLT+yrn1tsk=",
    "last_login": "2015-11-07T11:55:27.488Z",
    "is_staff": true,
    "is_active": true,
    "last_name": "",
    "user_permissions": []
  },
  "model": "core.user"
},
{
  "pk": 2,
  "fields": {
    "groups": [
      1
    ],
    "email": "ola@djangogirlstest.org",
    "first_name": "Ola",
    "is_superuser": false,
    "date_joined": "2015-11-07T11:54:29.408Z",
    "password": "pbkdf2_sha256$20000$oGfww8gTlr7V$26X3P/iaBZQsea4KdfH0wNQlWwUzZTsTLAno9uBOvxI=",
    "last_login": null,
    "is_staff": true,
    "is_active": true,
    "last_name": "Sitarska",
    "user_permissions": []
  },
  "model": "core.user"
},
{
  "pk": 3,
  "fields": {
    "groups": [
      1
    ],
    "email": "aleksandrasendecka@djangogirlstest.org",
    "first_name": "Ola",
    "is_superuser": false,
    "date_joined": "2015-11-07T11:54:29.436Z",
    "password": "pbkdf2_sha256$20000$WKQCnvxSlcGL$fzwFdReA6KZobWkr+AOjY8krd4ydRsQAujfGi75aDCk=",
    "last_login": null,
    "is_staff": true,
    "is_active": true,
    "last_name": "Sendecka",
    "user_permissions": []
  },
  "model": "core.user"
},
{
  "pk": 4,
  "fields": {
    "groups": [
      1
    ],
    "email": "sally@seashells.org",
    "first_name": "Sally",
    "is_superuser": false,
    "date_joined": "2015-11-07T11:56:57.405Z",
    "password": "pbkdf2_sha256$20000$6ftlPliHWcjl$WWvqtJrHDlv/eig8KODzCXLbguYkObEpTpZAB+CEH/4=",
    "last_login": null,
    "is_staff": true,
    "is_active": true,
    "last_name": "Seashells",
    "user_permissions": []
  },
  "model": "core.user"
},
{
  "pk": 1,
  "fields": {
    "email": "berlin@djangogirls.org",
    "country": "Germany",
    "photo_credit": "",
    "team": [
      2,
      3
    ],
    "is_on_homepage": true,
    "main_organizer": 2,
    "photo": "",
    "date": "2014-07-21",
    "city": "Berlin",
    "name": "Django Girls Berlin",
    "latlng": "52.5170365, 13.3888599",
    "photo_link": ""
  },
  "model": "core.event"
},
{
  "pk": 2,
  "fields": {
    "email": "amsterdam@djangogirls.org",
    "country": "Netherlands",
    "photo_credit": "",
    "team": [
      4
    ],
    "is_on_homepage": true,
    "main_organizer": 4,
    "photo": "",
    "date": "2020-03-12",
    "city": "Amsterdam",
    "name": "Django Girls Amsterdam",
    "latlng": "52.374436, 4.8979956033677",
    "photo_link": ""
  },
  "model": "core.event"
},
{
  "pk": 1,
  "fields": {
    "organisation": "",
    "internal_comment": "",
    "message_to_organisation": "",
    "meetup_start_date": "2015-11-07T13:02:50Z",
    "reviewer": 1,
    "city": "Paris",
    "meetup_type": "MEET",
    "recurrence": "Every first thursday of the month",
    "published_date": "2015-11-07T12:05:12.391Z",
    "is_recurring": true,
    "contact_email": "paris@pythonmeetup.com",
    "review_status": "PUB",
    "created": "2015-11-07T12:03:03.794Z",
    "title": "Paris Python Meetup",
    "description": "Sample description for a meetup.",
    "website": "",
    "country": "FR",
    "expiration_date": "2016-01-06",
    "meetup_end_date": null
  },
  "model": "jobs.meetup"
},
{
  "pk": 2,
  "fields": {
    "organisation": "Barcelona Python Organisation",
    "internal_comment": "",
    "message_to_organisation": "",
    "meetup_start_date": "2015-11-24T00:00:00Z",
    "reviewer": 1,
    "city": "Barcelon",
    "meetup_type": "MEET",
    "recurrence": "",
    "published_date": "2015-11-07T13:37:16.138Z",
    "is_recurring": false,
    "contact_email": "barcelona@pythonbarcelona.org",
    "review_status": "PUB",
    "created": "2015-11-07T13:37:06.688Z",
    "title": "Barcelona monthly",
    "description": "We are hosting a meetup in Barcelona!",
    "website": "",
    "country": "ES",
    "expiration_date": "2016-01-06",
    "meetup_end_date": "2015-11-24T12:00:00Z"
  },
  "model": "jobs.meetup"
}
]
