[
{
    "fields": {
        "first_name": "",
        "last_name": "",
        "is_active": true,
        "is_superuser": true,
        "is_staff": true,
        "last_login": "2014-09-03T13:38:13.733Z",
        "groups": [],
        "user_permissions": [],
        "password": "pbkdf2_sha256$12000$G4hrIT33jCB9$ovb0ZELxUheA6J9KdJugch4pta7o+xv6jkOGcPa7AYM=",
        "email": "ola@sitarska.com",
        "date_joined": "2014-09-03T13:38:13.794Z"
    },
    "model": "core.user",
    "pk": 1
},
{
    "fields": {
        "first_name": "Peter",
        "last_name": "Pan",
        "is_active": true,
        "is_superuser": false,
        "is_staff": true,
        "last_login": "2014-09-03T13:39:06.136Z",
        "groups": [],
        "user_permissions": [],
        "password": "pbkdf2_sha256$12000$RanhyLRa15xo$YeuLlvZ735/Jb3LKVv/wbn54sKt2QsBEXiVVMbEdjDc=",
        "email": "peterpan@example.com",
        "date_joined": "2014-09-03T13:39:06.136Z"
    },
    "model": "core.user",
    "pk": 2
},
{
    "fields": {
        "first_name": "Tinker",
        "last_name": "Bell",
        "is_active": true,
        "is_superuser": false,
        "is_staff": true,
        "last_login": "2014-09-03T13:39:06.217Z",
        "groups": [],
        "user_permissions": [],
        "password": "pbkdf2_sha256$12000$58wYSwoW2PsK$HW33a52+sU40hhLXIdt0ydVy3R2CRUWKG/pJCKTwNjA=",
        "email": "tinkerbell@gmail.com",
        "date_joined": "2014-09-03T13:39:06.217Z"
    },
    "model": "core.user",
    "pk": 3
},
{
    "fields": {
        "city": "Kensington",
        "name": "Django Girls Kensington",
        "country": "the Neverlands",
        "latlng": "35.9379969, -79.069651",
        "team": [
            2,
            3
        ],
        "is_on_homepage": true,
        "main_organizer": 2,
        "date": "2020-12-00"
    },
    "model": "core.event",
    "pk": 1
},
{
    "fields": {
        "city": "\u0141\u00f3d\u017a",
        "name": "Django Girls \u0141\u00f3d\u017a",
        "country": "Poland",
        "latlng": "51.768749, 19.4569817",
        "team": [
            1
        ],
        "is_on_homepage": true,
        "main_organizer": 1,
        "date": "2013-10-12"
    },
    "model": "core.event",
    "pk": 2
},
{
    "fields": {
        "city": "Hidden",
        "name": "Django Girls Hidden",
        "country": "Event",
        "latlng": null,
        "team": [
            1
        ],
        "is_on_homepage": false,
        "main_organizer": 1,
        "date": "2015-09-00"
    },
    "model": "core.event",
    "pk": 3
},
{
    "fields": {
        "custom_css": null,
        "description": "Django Girls is a one-day workshop about programming in Python and Django tailored for women.",
        "title": "Django Girls Kensington",
        "url": "neverland",
        "is_live": true,
        "main_color": "FF9400"
    },
    "model": "core.eventpage",
    "pk": 1
},
{
    "fields": {
        "custom_css": null,
        "description": "Django Girls is a one-day workshop about programming in Python and Django tailored for women.",
        "title": "Django Girls \u0141\u00f3d\u017a",
        "url": "lodz",
        "is_live": true,
        "main_color": "FF9400"
    },
    "model": "core.eventpage",
    "pk": 2
},
{
    "fields": {
        "custom_css": null,
        "description": "Django Girls is a one-day workshop about programming in Python and Django tailored for women.",
        "title": "Django Girls Hidden",
        "url": "hidden",
        "is_live": false,
        "main_color": "FF9400"
    },
    "model": "core.eventpage",
    "pk": 3
},
{
    "fields": {
        "name": "about",
        "content": "<div style=\"text-align: center;\"><h1>Free programming workshop for women</h1><h2>Build your first website at EuroPython 2014 in Berlin!</h2><a class=\"btn\" href=\"#value\">Learn more \u00bb</a></div>",
        "background": "event/backgrounds/photo1_RWEzNsW.jpg",
        "is_public": false,
        "position": 1,
        "page": 1
    },
    "model": "core.eventpagecontent",
    "pk": 1
},
{
    "fields": {
        "name": "values",
        "content": "<div class=\"row\">      <div class=\"col-md-6\">          <h3>Django Girls</h3>          <p>If you are a female and you want to learn how to make websites,          we have good news for you! We are holding a one-day workshop for beginners!</p>        <p>It will take place on <strong>21st of July</strong> in <strong>Berlin</strong>,        on the first day of a big IT conference:        <a href=\"http://europython.eu/\">EuroPython</a>, which gathers a lot of talented programmers from all over the world.</p>        <p>We believe that IT industry will greatly benefit from bringing more women        into technology. We want to give you an opportunity to learn how to program        and become one of us - female programmers!</p>        <p>Workshops are free of charge and if you can\u2019t afford coming to Berlin,        but you are very motivated to learn and then share your knowledge with others,        we have some funds to help you out        with your travel costs and accommodation. Don\u2019t wait too long -        you can apply for a pass only until <strong>30th of June</strong>!</p>      </div>      <div class=\"col-md-6\">          <h3>Apply for a pass!</h3>          <p>If you are a woman, you know English and have a laptop - you can apply          for a pass! You don\u2019t need to know any technical stuff - workshops          are for people who are new to programming.</p>        <p>As a workshop attendee you will:        <ul>            <li>attend one-day Django workshops during which you will            create your first website</li>            <li>get a free EuroPython ticket (which normally costs 400 \u20ac!),            where you can meet people from the industry and learn more about programming</li>            <li>be fed by us - during workshops and EuroPython food is provided</li>        </ul>        </p>        <p>We have space only for 40 people, so make sure to fill the form very carefully!</p>      </div>  </div>",
        "background": "",
        "is_public": true,
        "position": 10,
        "page": 1
    },
    "model": "core.eventpagecontent",
    "pk": 2
},
{
    "fields": {
        "name": "apply",
        "content": "<div class=\"row\"><div class=\"col-md-7\"><h2>Application are now open!</h2><p>Application process closes on July 23rd and you'll be informedabout acceptance or rejection by July 28th (or sooner)!.</p><a class=\"btn\" href=\"http://t.co/YvvAFiUvKN\">Register</a><p></p></div></div>",
        "background": "event/backgrounds/photo5_rkgnazQ.jpg",
        "is_public": true,
        "position": 20,
        "page": 1
    },
    "model": "core.eventpagecontent",
    "pk": 3
},
{
    "fields": {
        "name": "faq",
        "content": "<div class=\"row\"><div class=\"col-md-4\"><p><b>Do I need to know anything about websites or programming?</b></p><p>No! Workshops are for beginners. You don\u2019t need to know anything about it.However, if you have a little bit of technical knowledge(i.e. you know what HTML or CSS are) you still can apply!</p></div><div class=\"col-md-4\"><p><b>I am not living in Germany, can I attend?</b></p><p>Of course! Workshops will be in English, so if you have notroubles with speaking and understanding English - you should apply.If you need financial aid to get toBerlin or you need assistance with booking flights or hotel in Berlin -let us know. We are willing to help you!</p></div><div class=\"col-md-4\"><p><b>Should I bring my own laptop?</b></p><p>Yes. We have no hardware, so we expect you to bring your computer with you.It is also important for us that you will take home everything you\u2019llwrite and create during workshops. </p></div></div><div class=\"row\" style=\"margin-top: 30px\"><div class=\"col-md-4\"><p><b>Do I need to have something installed on my laptop? </b></p><p>It would be helpful to have Django installed before workshops, but wouldn't expect you to install anything on your own.We will make sure that one of our coaches will helpyou out with this task. </p></div><div class=\"col-md-4\"><p><b>Is EuroPython conference good for a total beginner?</b></p><p>As a workshop attendee you will get a free ticket to EuroPython -conference for Python programmers. Even though you are new to programming,conference is a good place to meet many interestingpeople in the industry and find inspiration.</p></div><div class=\"col-md-4\"><p><b>Is food provided? </b></p><p>Yes. Thanks to EuroPython, snacks and lunch will be served during workshops. </p></div></div>",
        "background": "",
        "is_public": true,
        "position": 30,
        "page": 1
    },
    "model": "core.eventpagecontent",
    "pk": 4
},
{
    "fields": {
        "name": "coach",
        "content": "<div class=\"row\"><div class=\"col-md-6\"><h2>Be a Mentor!</h2><p>We would be delighted if you would like to join us as a mentor! Fill in the form  <a href=\"http://t.co/YvvAFiUvKN\">here</a>, but select the option to be a mentor.</p><p>We will contact you :)</p></div><div class=\"col-md-6\"><h2>Django Girls</h2><p>Django Girls Australia is a part of bigger initiative: <a href=\"http://djangogirls.org/\">Django Girls</a>.  It is a non-profit organization and events are organized by volunteersin different places of the world.  </p><p>To see the source for the program find us on gihub: <a href=\"https://github.com/DjangoGirls/\">github.com/DjangoGirls</a>.</p><p>If you want to bring Django Girls to your city, drop us a line: <a href=\"mailto:hello@djangogirls.org\">hello@djangogirls.org</a>.</p></div></div>",
        "background": "event/backgrounds/photo0_cBUZ8zp.jpg",
        "is_public": true,
        "position": 40,
        "page": 1
    },
    "model": "core.eventpagecontent",
    "pk": 5
},
{
    "fields": {
        "name": "partners",
        "content": "<h3>Sponsors</h3><p>We couldn't be here without the support from amazing people and organizations who donated money, knowledge and time to help us make this a reality. If you want to contribute and support our goal, please get in touch: <a href=\"mailto:hello@djangogirls.org\">hello@djangogirls.org</a></p>",
        "background": "",
        "is_public": true,
        "position": 50,
        "page": 1
    },
    "model": "core.eventpagecontent",
    "pk": 6
},
{
    "fields": {
        "name": "footer",
        "content": "<div class=\"row social\"><div class=\"col-md-7\"><div class=\"facebook\"><div class=\"fb-like-box\" data-href=\"https://www.facebook.com/djangogirls\" data-colorscheme=\"dark\" data-show-faces=\"false\" data-header=\"false\" data-stream=\"false\" data-show-border=\"false\"></div></div><div class=\"twitter\"> <a href=\"https://twitter.com/djangogirls\" class=\"twitter-follow-button\" data-show-count=\"false\" data-size=\"large\">Follow @djangogirls</a></div> </div><div class=\"col-md-5\">Get in touch: <br> <a href=\"mailto:hello@djangogirls.org\">hello@djangogirls.org</a><br><br></div></div><div class=\"row credits\"><div class=\"col-md-12\">\u2665 Django Girls Europe is organized by <a href=\"http://twitter.com/olasitarska\">Ola Sitarska</a> and <a href=\"http://twitter.com/asednecka\">Ola Sendecka</a> with the support from <a href=\"http://europython.eu/\">EuroPython 2014</a>.<br>Django Girls Europe is a part of <a href=\"/\">Django Girls</a>.<br>Every participant needs to follow the <a href=\"/pages/coc/\">Code of Conduct</a>.</div></div>",
        "background": "",
        "is_public": true,
        "position": 60,
        "page": 1
    },
    "model": "core.eventpagecontent",
    "pk": 7
},
{
    "fields": {
        "name": "about",
        "content": "<div style=\"text-align: center;\"><h1>Free programming workshop for women</h1><h2>Build your first website at EuroPython 2014 in Berlin!</h2><a class=\"btn\" href=\"#value\">Learn more \u00bb</a></div>",
        "background": "event/backgrounds/photo1_MpeZxBg.jpg",
        "is_public": true,
        "position": 1,
        "page": 2
    },
    "model": "core.eventpagecontent",
    "pk": 8
},
{
    "fields": {
        "name": "values",
        "content": "<div class=\"row\">      <div class=\"col-md-6\">          <h3>Django Girls</h3>          <p>If you are a female and you want to learn how to make websites,          we have good news for you! We are holding a one-day workshop for beginners!</p>        <p>It will take place on <strong>21st of July</strong> in <strong>Berlin</strong>,        on the first day of a big IT conference:        <a href=\"http://europython.eu/\">EuroPython</a>, which gathers a lot of talented programmers from all over the world.</p>        <p>We believe that IT industry will greatly benefit from bringing more women        into technology. We want to give you an opportunity to learn how to program        and become one of us - female programmers!</p>        <p>Workshops are free of charge and if you can\u2019t afford coming to Berlin,        but you are very motivated to learn and then share your knowledge with others,        we have some funds to help you out        with your travel costs and accommodation. Don\u2019t wait too long -        you can apply for a pass only until <strong>30th of June</strong>!</p>      </div>      <div class=\"col-md-6\">          <h3>Apply for a pass!</h3>          <p>If you are a woman, you know English and have a laptop - you can apply          for a pass! You don\u2019t need to know any technical stuff - workshops          are for people who are new to programming.</p>        <p>As a workshop attendee you will:        <ul>            <li>attend one-day Django workshops during which you will            create your first website</li>            <li>get a free EuroPython ticket (which normally costs 400 \u20ac!),            where you can meet people from the industry and learn more about programming</li>            <li>be fed by us - during workshops and EuroPython food is provided</li>        </ul>        </p>        <p>We have space only for 40 people, so make sure to fill the form very carefully!</p>      </div>  </div>",
        "background": "",
        "is_public": true,
        "position": 10,
        "page": 2
    },
    "model": "core.eventpagecontent",
    "pk": 9
},
{
    "fields": {
        "name": "apply",
        "content": "<div class=\"row\"><div class=\"col-md-7\"><h2>Application are now open!</h2><p>Application process closes on July 23rd and you'll be informedabout acceptance or rejection by July 28th (or sooner)!.</p><a class=\"btn\" href=\"http://t.co/YvvAFiUvKN\">Register</a><p></p></div></div>",
        "background": "event/backgrounds/photo5_1xCMCaI.jpg",
        "is_public": true,
        "position": 20,
        "page": 2
    },
    "model": "core.eventpagecontent",
    "pk": 10
},
{
    "fields": {
        "name": "faq",
        "content": "<div class=\"row\"><div class=\"col-md-4\"><p><b>Do I need to know anything about websites or programming?</b></p><p>No! Workshops are for beginners. You don\u2019t need to know anything about it.However, if you have a little bit of technical knowledge(i.e. you know what HTML or CSS are) you still can apply!</p></div><div class=\"col-md-4\"><p><b>I am not living in Germany, can I attend?</b></p><p>Of course! Workshops will be in English, so if you have notroubles with speaking and understanding English - you should apply.If you need financial aid to get toBerlin or you need assistance with booking flights or hotel in Berlin -let us know. We are willing to help you!</p></div><div class=\"col-md-4\"><p><b>Should I bring my own laptop?</b></p><p>Yes. We have no hardware, so we expect you to bring your computer with you.It is also important for us that you will take home everything you\u2019llwrite and create during workshops. </p></div></div><div class=\"row\" style=\"margin-top: 30px\"><div class=\"col-md-4\"><p><b>Do I need to have something installed on my laptop? </b></p><p>It would be helpful to have Django installed before workshops, but wouldn't expect you to install anything on your own.We will make sure that one of our coaches will helpyou out with this task. </p></div><div class=\"col-md-4\"><p><b>Is EuroPython conference good for a total beginner?</b></p><p>As a workshop attendee you will get a free ticket to EuroPython -conference for Python programmers. Even though you are new to programming,conference is a good place to meet many interestingpeople in the industry and find inspiration.</p></div><div class=\"col-md-4\"><p><b>Is food provided? </b></p><p>Yes. Thanks to EuroPython, snacks and lunch will be served during workshops. </p></div></div>",
        "background": "",
        "is_public": true,
        "position": 30,
        "page": 2
    },
    "model": "core.eventpagecontent",
    "pk": 11
},
{
    "fields": {
        "name": "coach",
        "content": "<div class=\"row\"><div class=\"col-md-6\"><h2>Be a Mentor!</h2><p>We would be delighted if you would like to join us as a mentor! Fill in the form  <a href=\"http://t.co/YvvAFiUvKN\">here</a>, but select the option to be a mentor.</p><p>We will contact you :)</p></div><div class=\"col-md-6\"><h2>Django Girls</h2><p>Django Girls Australia is a part of bigger initiative: <a href=\"http://djangogirls.org/\">Django Girls</a>.  It is a non-profit organization and events are organized by volunteersin different places of the world.  </p><p>To see the source for the program find us on gihub: <a href=\"https://github.com/DjangoGirls/\">github.com/DjangoGirls</a>.</p><p>If you want to bring Django Girls to your city, drop us a line: <a href=\"mailto:hello@djangogirls.org\">hello@djangogirls.org</a>.</p></div></div>",
        "background": "event/backgrounds/photo0_89XYv7Y.jpg",
        "is_public": true,
        "position": 40,
        "page": 2
    },
    "model": "core.eventpagecontent",
    "pk": 12
},
{
    "fields": {
        "name": "partners",
        "content": "<h3>Sponsors</h3><p>We couldn't be here without the support from amazing people and organizations who donated money, knowledge and time to help us make this a reality. If you want to contribute and support our goal, please get in touch: <a href=\"mailto:hello@djangogirls.org\">hello@djangogirls.org</a></p>",
        "background": "",
        "is_public": true,
        "position": 50,
        "page": 2
    },
    "model": "core.eventpagecontent",
    "pk": 13
},
{
    "fields": {
        "name": "footer",
        "content": "<div class=\"row social\"><div class=\"col-md-7\"><div class=\"facebook\"><div class=\"fb-like-box\" data-href=\"https://www.facebook.com/djangogirls\" data-colorscheme=\"dark\" data-show-faces=\"false\" data-header=\"false\" data-stream=\"false\" data-show-border=\"false\"></div></div><div class=\"twitter\"> <a href=\"https://twitter.com/djangogirls\" class=\"twitter-follow-button\" data-show-count=\"false\" data-size=\"large\">Follow @djangogirls</a></div> </div><div class=\"col-md-5\">Get in touch: <br> <a href=\"mailto:hello@djangogirls.org\">hello@djangogirls.org</a><br><br></div></div><div class=\"row credits\"><div class=\"col-md-12\">\u2665 Django Girls Europe is organized by <a href=\"http://twitter.com/olasitarska\">Ola Sitarska</a> and <a href=\"http://twitter.com/asednecka\">Ola Sendecka</a> with the support from <a href=\"http://europython.eu/\">EuroPython 2014</a>.<br>Django Girls Europe is a part of <a href=\"/\">Django Girls</a>.<br>Every participant needs to follow the <a href=\"/pages/coc/\">Code of Conduct</a>.</div></div>",
        "background": "",
        "is_public": true,
        "position": 60,
        "page": 2
    },
    "model": "core.eventpagecontent",
    "pk": 14
},
{
    "fields": {
        "name": "about",
        "content": "<div style=\"text-align: center;\"><h1>Free programming workshop for women</h1><h2>Build your first website at EuroPython 2014 in Berlin!</h2><a class=\"btn\" href=\"#value\">Learn more \u00bb</a></div>",
        "background": "event/backgrounds/photo1_6qwknef.jpg",
        "is_public": true,
        "position": 1,
        "page": 3
    },
    "model": "core.eventpagecontent",
    "pk": 15
},
{
    "fields": {
        "name": "values",
        "content": "<div class=\"row\">      <div class=\"col-md-6\">          <h3>Django Girls</h3>          <p>If you are a female and you want to learn how to make websites,          we have good news for you! We are holding a one-day workshop for beginners!</p>        <p>It will take place on <strong>21st of July</strong> in <strong>Berlin</strong>,        on the first day of a big IT conference:        <a href=\"http://europython.eu/\">EuroPython</a>, which gathers a lot of talented programmers from all over the world.</p>        <p>We believe that IT industry will greatly benefit from bringing more women        into technology. We want to give you an opportunity to learn how to program        and become one of us - female programmers!</p>        <p>Workshops are free of charge and if you can\u2019t afford coming to Berlin,        but you are very motivated to learn and then share your knowledge with others,        we have some funds to help you out        with your travel costs and accommodation. Don\u2019t wait too long -        you can apply for a pass only until <strong>30th of June</strong>!</p>      </div>      <div class=\"col-md-6\">          <h3>Apply for a pass!</h3>          <p>If you are a woman, you know English and have a laptop - you can apply          for a pass! You don\u2019t need to know any technical stuff - workshops          are for people who are new to programming.</p>        <p>As a workshop attendee you will:        <ul>            <li>attend one-day Django workshops during which you will            create your first website</li>            <li>get a free EuroPython ticket (which normally costs 400 \u20ac!),            where you can meet people from the industry and learn more about programming</li>            <li>be fed by us - during workshops and EuroPython food is provided</li>        </ul>        </p>        <p>We have space only for 40 people, so make sure to fill the form very carefully!</p>      </div>  </div>",
        "background": "",
        "is_public": true,
        "position": 10,
        "page": 3
    },
    "model": "core.eventpagecontent",
    "pk": 16
},
{
    "fields": {
        "name": "apply",
        "content": "<div class=\"row\"><div class=\"col-md-7\"><h2>Application are now open!</h2><p>Application process closes on July 23rd and you'll be informedabout acceptance or rejection by July 28th (or sooner)!.</p><a class=\"btn\" href=\"http://t.co/YvvAFiUvKN\">Register</a><p></p></div></div>",
        "background": "event/backgrounds/photo5_A1y9PlP.jpg",
        "is_public": true,
        "position": 20,
        "page": 3
    },
    "model": "core.eventpagecontent",
    "pk": 17
},
{
    "fields": {
        "name": "faq",
        "content": "<div class=\"row\"><div class=\"col-md-4\"><p><b>Do I need to know anything about websites or programming?</b></p><p>No! Workshops are for beginners. You don\u2019t need to know anything about it.However, if you have a little bit of technical knowledge(i.e. you know what HTML or CSS are) you still can apply!</p></div><div class=\"col-md-4\"><p><b>I am not living in Germany, can I attend?</b></p><p>Of course! Workshops will be in English, so if you have notroubles with speaking and understanding English - you should apply.If you need financial aid to get toBerlin or you need assistance with booking flights or hotel in Berlin -let us know. We are willing to help you!</p></div><div class=\"col-md-4\"><p><b>Should I bring my own laptop?</b></p><p>Yes. We have no hardware, so we expect you to bring your computer with you.It is also important for us that you will take home everything you\u2019llwrite and create during workshops. </p></div></div><div class=\"row\" style=\"margin-top: 30px\"><div class=\"col-md-4\"><p><b>Do I need to have something installed on my laptop? </b></p><p>It would be helpful to have Django installed before workshops, but wouldn't expect you to install anything on your own.We will make sure that one of our coaches will helpyou out with this task. </p></div><div class=\"col-md-4\"><p><b>Is EuroPython conference good for a total beginner?</b></p><p>As a workshop attendee you will get a free ticket to EuroPython -conference for Python programmers. Even though you are new to programming,conference is a good place to meet many interestingpeople in the industry and find inspiration.</p></div><div class=\"col-md-4\"><p><b>Is food provided? </b></p><p>Yes. Thanks to EuroPython, snacks and lunch will be served during workshops. </p></div></div>",
        "background": "",
        "is_public": true,
        "position": 30,
        "page": 3
    },
    "model": "core.eventpagecontent",
    "pk": 18
},
{
    "fields": {
        "name": "coach",
        "content": "<div class=\"row\"><div class=\"col-md-6\"><h2>Be a Mentor!</h2><p>We would be delighted if you would like to join us as a mentor! Fill in the form  <a href=\"http://t.co/YvvAFiUvKN\">here</a>, but select the option to be a mentor.</p><p>We will contact you :)</p></div><div class=\"col-md-6\"><h2>Django Girls</h2><p>Django Girls Australia is a part of bigger initiative: <a href=\"http://djangogirls.org/\">Django Girls</a>.  It is a non-profit organization and events are organized by volunteersin different places of the world.  </p><p>To see the source for the program find us on gihub: <a href=\"https://github.com/DjangoGirls/\">github.com/DjangoGirls</a>.</p><p>If you want to bring Django Girls to your city, drop us a line: <a href=\"mailto:hello@djangogirls.org\">hello@djangogirls.org</a>.</p></div></div>",
        "background": "event/backgrounds/photo0_swkgg2J.jpg",
        "is_public": true,
        "position": 40,
        "page": 3
    },
    "model": "core.eventpagecontent",
    "pk": 19
},
{
    "fields": {
        "name": "partners",
        "content": "<h3>Sponsors</h3><p>We couldn't be here without the support from amazing people and organizations who donated money, knowledge and time to help us make this a reality. If you want to contribute and support our goal, please get in touch: <a href=\"mailto:hello@djangogirls.org\">hello@djangogirls.org</a></p>",
        "background": "",
        "is_public": true,
        "position": 50,
        "page": 3
    },
    "model": "core.eventpagecontent",
    "pk": 20
},
{
    "fields": {
        "name": "footer",
        "content": "<div class=\"row social\"><div class=\"col-md-7\"><div class=\"facebook\"><div class=\"fb-like-box\" data-href=\"https://www.facebook.com/djangogirls\" data-colorscheme=\"dark\" data-show-faces=\"false\" data-header=\"false\" data-stream=\"false\" data-show-border=\"false\"></div></div><div class=\"twitter\"> <a href=\"https://twitter.com/djangogirls\" class=\"twitter-follow-button\" data-show-count=\"false\" data-size=\"large\">Follow @djangogirls</a></div> </div><div class=\"col-md-5\">Get in touch: <br> <a href=\"mailto:hello@djangogirls.org\">hello@djangogirls.org</a><br><br></div></div><div class=\"row credits\"><div class=\"col-md-12\">\u2665 Django Girls Europe is organized by <a href=\"http://twitter.com/olasitarska\">Ola Sitarska</a> and <a href=\"http://twitter.com/asednecka\">Ola Sendecka</a> with the support from <a href=\"http://europython.eu/\">EuroPython 2014</a>.<br>Django Girls Europe is a part of <a href=\"/\">Django Girls</a>.<br>Every participant needs to follow the <a href=\"/pages/coc/\">Code of Conduct</a>.</div></div>",
        "background": "",
        "is_public": true,
        "position": 60,
        "page": 3
    },
    "model": "core.eventpagecontent",
    "pk": 21
},
{
    "fields": {
        "url": "#values",
        "position": 1,
        "page": 1,
        "title": "About"
    },
    "model": "core.eventpagemenu",
    "pk": 1
},
{
    "fields": {
        "url": "#apply",
        "position": 10,
        "page": 1,
        "title": "Apply for a pass!"
    },
    "model": "core.eventpagemenu",
    "pk": 2
},
{
    "fields": {
        "url": "#faq",
        "position": 20,
        "page": 1,
        "title": "FAQ"
    },
    "model": "core.eventpagemenu",
    "pk": 3
},
{
    "fields": {
        "url": "#coach",
        "position": 30,
        "page": 1,
        "title": "Become a coach"
    },
    "model": "core.eventpagemenu",
    "pk": 4
},
{
    "fields": {
        "url": "#partners",
        "position": 40,
        "page": 1,
        "title": "Partners"
    },
    "model": "core.eventpagemenu",
    "pk": 5
},
{
    "fields": {
        "url": "#values",
        "position": 1,
        "page": 2,
        "title": "About"
    },
    "model": "core.eventpagemenu",
    "pk": 6
},
{
    "fields": {
        "url": "#apply",
        "position": 10,
        "page": 2,
        "title": "Apply for a pass!"
    },
    "model": "core.eventpagemenu",
    "pk": 7
},
{
    "fields": {
        "url": "#faq",
        "position": 20,
        "page": 2,
        "title": "FAQ"
    },
    "model": "core.eventpagemenu",
    "pk": 8
},
{
    "fields": {
        "url": "#coach",
        "position": 30,
        "page": 2,
        "title": "Become a coach"
    },
    "model": "core.eventpagemenu",
    "pk": 9
},
{
    "fields": {
        "url": "#partners",
        "position": 40,
        "page": 2,
        "title": "Partners"
    },
    "model": "core.eventpagemenu",
    "pk": 10
},
{
    "fields": {
        "url": "#values",
        "position": 1,
        "page": 3,
        "title": "About"
    },
    "model": "core.eventpagemenu",
    "pk": 11
},
{
    "fields": {
        "url": "#apply",
        "position": 10,
        "page": 3,
        "title": "Apply for a pass!"
    },
    "model": "core.eventpagemenu",
    "pk": 12
},
{
    "fields": {
        "url": "#faq",
        "position": 20,
        "page": 3,
        "title": "FAQ"
    },
    "model": "core.eventpagemenu",
    "pk": 13
},
{
    "fields": {
        "url": "#coach",
        "position": 30,
        "page": 3,
        "title": "Become a coach"
    },
    "model": "core.eventpagemenu",
    "pk": 14
},
{
    "fields": {
        "url": "#partners",
        "position": 40,
        "page": 3,
        "title": "Partners"
    },
    "model": "core.eventpagemenu",
    "pk": 15
}
]
